Group,Question,Response,Karamoja,Acholi,West Nile,South West,National,TOTAL,Unit,
Education and Peacebuilding,Education services contribution to peace,Positive,96%,93%,93%,96%,84%,84%,%,
Education and Peacebuilding,Education services contribution to peace,Negative,3%,2%,1%,1%,10%,10%,%,
Education and Peacebuilding,Education services contribution to peace,None,1%,3%,2%,3%,4%,4%,%,
Education and Peacebuilding,Education services contribution to peace,Refuse / no response,1%,2%,4%,0%,1%,1%,%,
Education and Peacebuilding,"Education contribution in helping people live together peacefully positive, negative, or none",Positive,96%,93%,95%,96%,85%,85%,%,
Education and Peacebuilding,"Education contribution in helping people live together peacefully positive, negative, or none",Negative,2%,3%,1%,0%,9%,9%,%,
Education and Peacebuilding,"Education contribution in helping people live together peacefully positive, negative, or none",None,2%,3%,2%,3%,5%,5%,%,
Education and Peacebuilding,"Education contribution in helping people live together peacefully positive, negative, or none",Refuse / no response,1%,1%,2%,0%,2%,2%,%,
Education and Peacebuilding,"Education contribution in helping people live together peacefully positive, negative, or none",Yes,88%,88%,70%,78%,71%,71%,%,
Education and Peacebuilding,Do you talk about these events with anyone?,Yes,72%,65%,52%,68%,52%,52%,%,
Education and Peacebuilding,"If yes, with who?",Parents,13%,7%,24%,7%,14%,14%,%,
Education and Peacebuilding,"If yes, with who?",Children,18%,19%,13%,26%,21%,21%,%,
Education and Peacebuilding,"If yes, with who?",Other household members,29%,26%,6%,4%,9%,9%,%,
Education and Peacebuilding,"If yes, with who?",Friends,21%,36%,33%,32%,40%,40%,%,
Education and Peacebuilding,"If yes, with who?",Teachers / at school,3%,4%,15%,9%,6%,6%,%,
Education and Peacebuilding,"If yes, with who?",Religious leaders,3%,1%,2%,11%,3%,3%,%,
Education and Peacebuilding,"If yes, with who?",Political leaders,1%,2%,0%,2%,1%,1%,%,
Education and Peacebuilding,"If yes, with who?",Local leaders,10%,3%,7%,10%,5%,5%,%,
Education and Peacebuilding,"If yes, with who?",Other,4%,2%,1%,1%,2%,2%,%,
Education and Peacebuilding,"If yes, with who?",Refuse / no response,0%,1%,1%,0%,0%,0%,%,
Education and Peacebuilding,Best way for youth to learn about the conflicts that happened,No way,6%,3%,10%,6%,9%,9%,%,
Education and Peacebuilding,Best way for youth to learn about the conflicts that happened,Talk openly with family / friends,36%,37%,46%,33%,31%,31%,%,
Education and Peacebuilding,Best way for youth to learn about the conflicts that happened,Learn in school,44%,43%,22%,43%,41%,41%,%,
Education and Peacebuilding,Best way for youth to learn about the conflicts that happened,"Build memorial, museum",0%,0%,1%,2%,3%,3%,%,
Education and Peacebuilding,Best way for youth to learn about the conflicts that happened,"Write books,..",1%,4%,10%,12%,10%,10%,%,
Education and Peacebuilding,Best way for youth to learn about the conflicts that happened,Other,12%,9%,2%,2%,3%,3%,%,
Education and Peacebuilding,Best way for youth to learn about the conflicts that happened,Refuse / no response,0%,4%,9%,2%,4%,4%,%,
Education and Peacebuilding,How important is it for students to learn about the conflicts in school?,Very important,60%,62%,54%,59%,44%,44%,%,
Education and Peacebuilding,How important is it for students to learn about the conflicts in school?,Important,29%,34%,26%,25%,35%,35%,%,
Education and Peacebuilding,How important is it for students to learn about the conflicts in school?,Somewhat important,6%,1%,7%,3%,6%,6%,%,
Education and Peacebuilding,How important is it for students to learn about the conflicts in school?,Not so important,2%,2%,9%,5%,7%,7%,%,
Education and Peacebuilding,How important is it for students to learn about the conflicts in school?,Not important at all,2%,1%,4%,7%,6%,6%,%,
Education and Peacebuilding,How important is it for students to learn about the conflicts in school?,Refuse / no response,1%,0%,2%,1%,2%,2%,%,
Education and Peacebuilding,How important is it for students to learn how to manage conflicts without violence?,Very important,51%,59%,44%,57%,41%,41%,%,
Education and Peacebuilding,How important is it for students to learn how to manage conflicts without violence?,Important,40%,38%,41%,28%,39%,39%,%,
Education and Peacebuilding,How important is it for students to learn how to manage conflicts without violence?,Somewhat important,7%,2%,7%,5%,10%,10%,%,
Education and Peacebuilding,How important is it for students to learn how to manage conflicts without violence?,Not so important,2%,1%,4%,4%,5%,5%,%,
Education and Peacebuilding,How important is it for students to learn how to manage conflicts without violence?,Not important at all,0%,0%,4%,6%,3%,3%,%,
Education and Peacebuilding,How important is it for students to learn how to manage conflicts without violence?,Refuse / no response,1%,0%,1%,1%,2%,2%,%,
Education and Peacebuilding,How much do you think students learn about the conflicts in school today?,Not at all,7%,9%,21%,5%,15%,15%,%,
Education and Peacebuilding,How much do you think students learn about the conflicts in school today?,A little,28%,55%,53%,49%,48%,48%,%,
Education and Peacebuilding,How much do you think students learn about the conflicts in school today?,Quite a bit,30%,17%,10%,24%,18%,18%,%,
Education and Peacebuilding,How much do you think students learn about the conflicts in school today?,A lot,31%,15%,12%,21%,14%,14%,%,
Education and Peacebuilding,How much do you think students learn about the conflicts in school today?,Refuse / no response,4%,4%,5%,1%,4%,4%,%,
Education and Peacebuilding,How much students learn about managing conflicts without violence,Not at all,7%,6%,21%,4%,12%,12%,%,
Education and Peacebuilding,How much students learn about managing conflicts without violence,A little,32%,51%,51%,51%,49%,49%,%,
Education and Peacebuilding,How much students learn about managing conflicts without violence,Quite a bit,29%,21%,12%,24%,20%,20%,%,
Education and Peacebuilding,How much students learn about managing conflicts without violence,A lot,29%,17%,12%,21%,15%,15%,%,
Education and Peacebuilding,How much students learn about managing conflicts without violence,Refuse / no response,4%,5%,4%,0%,4%,4%,%,
"Marginalization, Exclusion, and Discrimination",Gender Equity in Education Index,Mean average,50%,85%,77%,89%,82%,82%,%,
"Marginalization, Exclusion, and Discrimination",Perception of Diversity In School Index,Mean average,71%,81%,71%,74%,71%,71%,%,
"Marginalization, Exclusion, and Discrimination",Discrimination against students because of gender,Major Problem in School,24%,7%,16%,20%,19%,19%,%,
"Marginalization, Exclusion, and Discrimination",Discrimination against students because of gender,Minor Problem in School,17%,24%,21%,24%,26%,26%,%,
"Marginalization, Exclusion, and Discrimination",Discrimination against students because of gender,Not a problem,55%,67%,62%,53%,53%,53%,%,
"Marginalization, Exclusion, and Discrimination",Discrimination against students because of gender,Refuse / no response,5%,2%,2%,3%,3%,3%,%,
"Marginalization, Exclusion, and Discrimination",Discrimination against students because of ethnicity or tribe,Major Problem in School,20%,5%,21%,23%,16%,16%,%,
"Marginalization, Exclusion, and Discrimination",Discrimination against students because of ethnicity or tribe,Minor Problem in School,16%,17%,15%,23%,26%,26%,%,
"Marginalization, Exclusion, and Discrimination",Discrimination against students because of ethnicity or tribe,Not a problem,59%,76%,63%,52%,56%,56%,%,
"Marginalization, Exclusion, and Discrimination",Discrimination against students because of ethnicity or tribe,Refuse / no response,5%,2%,2%,2%,3%,3%,%,
"Marginalization, Exclusion, and Discrimination",Discrimination against students because of religion,Major Problem in School,13%,5%,15%,19%,12%,12%,%,
"Marginalization, Exclusion, and Discrimination",Discrimination against students because of religion,Minor Problem in School,18%,17%,16%,22%,23%,23%,%,
"Marginalization, Exclusion, and Discrimination",Discrimination against students because of religion,Not a problem,64%,77%,68%,57%,61%,61%,%,
"Marginalization, Exclusion, and Discrimination",Discrimination against students because of religion,Refuse / no response,5%,2%,2%,2%,4%,4%,%,
"Marginalization, Exclusion, and Discrimination",Discrimination against students because of wealth or class status,Major Problem in School,18%,3%,12%,23%,16%,16%,%,
"Marginalization, Exclusion, and Discrimination",Discrimination against students because of wealth or class status,Minor Problem in School,16%,21%,21%,23%,25%,25%,%,
"Marginalization, Exclusion, and Discrimination",Discrimination against students because of wealth or class status,Not a problem,61%,75%,66%,52%,57%,57%,%,
"Marginalization, Exclusion, and Discrimination",Discrimination against students because of wealth or class status,Refuse / no response,5%,2%,2%,3%,3%,3%,%,
"Marginalization, Exclusion, and Discrimination",Discrimination against students because of political affiliation,Major Problem in School,13%,3%,9%,20%,12%,12%,%,
"Marginalization, Exclusion, and Discrimination",Discrimination against students because of political affiliation,Minor Problem in School,17%,13%,20%,21%,24%,24%,%,
"Marginalization, Exclusion, and Discrimination",Discrimination against students because of political affiliation,Not a problem,64%,82%,71%,57%,61%,61%,%,
"Marginalization, Exclusion, and Discrimination",Discrimination against students because of political affiliation,Refuse / no response,6%,2%,1%,3%,3%,3%,%,
"Marginalization, Exclusion, and Discrimination","Are some students excluded, marginalized, or discriminated against in school",Yes,9%,7%,8%,14%,14%,14%,%,
"Marginalization, Exclusion, and Discrimination","Type of students that are subjected to exclusion, marginalization, or discriminated in school",Political affiliation,0%,6%,24%,3%,11%,11%,%,
"Marginalization, Exclusion, and Discrimination","Type of students that are subjected to exclusion, marginalization, or discriminated in school",Ethnicity/tribe,13%,35%,48%,26%,30%,30%,%,
"Marginalization, Exclusion, and Discrimination","Type of students that are subjected to exclusion, marginalization, or discriminated in school",Gender,22%,12%,48%,21%,39%,39%,%,
"Marginalization, Exclusion, and Discrimination","Type of students that are subjected to exclusion, marginalization, or discriminated in school",Religious belief,4%,6%,38%,8%,25%,25%,%,
"Marginalization, Exclusion, and Discrimination","Type of students that are subjected to exclusion, marginalization, or discriminated in school",Returnees (specify from where),0%,18%,19%,3%,2%,2%,%,
"Marginalization, Exclusion, and Discrimination","Type of students that are subjected to exclusion, marginalization, or discriminated in school",Internally displaced,9%,0%,24%,11%,6%,6%,%,
"Marginalization, Exclusion, and Discrimination","Type of students that are subjected to exclusion, marginalization, or discriminated in school",Refugees,0%,6%,14%,5%,7%,7%,%,
"Marginalization, Exclusion, and Discrimination","Type of students that are subjected to exclusion, marginalization, or discriminated in school","Handicap, deaf/mute, albinos",39%,47%,10%,55%,39%,39%,%,
"Marginalization, Exclusion, and Discrimination","Type of students that are subjected to exclusion, marginalization, or discriminated in school",Other,44%,24%,10%,21%,16%,16%,%,
"Marginalization, Exclusion, and Discrimination","Type of students that are subjected to exclusion, marginalization, or discriminated in school",Refuse / no response,4%,12%,5%,0%,3%,3%,%,
"Marginalization, Exclusion, and Discrimination","Type of exclusion, marginalization or discrimination in school",Barred from attending school,39%,35%,38%,11%,23%,23%,%,
"Marginalization, Exclusion, and Discrimination","Type of exclusion, marginalization or discrimination in school",Lower grades,35%,18%,38%,42%,34%,34%,%,
"Marginalization, Exclusion, and Discrimination","Type of exclusion, marginalization or discrimination in school",Not elected for school leadership,44%,18%,48%,47%,36%,36%,%,
"Marginalization, Exclusion, and Discrimination","Type of exclusion, marginalization or discrimination in school",Denial of food at school,39%,6%,24%,45%,28%,28%,%,
"Marginalization, Exclusion, and Discrimination","Type of exclusion, marginalization or discrimination in school","Called unpleasant names(nickname) , insults",44%,59%,48%,58%,53%,53%,%,
"Marginalization, Exclusion, and Discrimination","Type of exclusion, marginalization or discrimination in school",Exclusion from co curricular activities,44%,29%,19%,24%,36%,36%,%,
"Marginalization, Exclusion, and Discrimination","Type of exclusion, marginalization or discrimination in school",Other,9%,12%,0%,8%,7%,7%,%,
"Marginalization, Exclusion, and Discrimination","Type of exclusion, marginalization or discrimination in school",Refuse / no response,4%,6%,10%,3%,6%,6%,%,
"Marginalization, Exclusion, and Discrimination","Who students go to to resolve the problem related to marginalization, exclusion, discrimination, ",Nobody,4%,4%,7%,4%,7%,7%,%,
"Marginalization, Exclusion, and Discrimination","Who students go to to resolve the problem related to marginalization, exclusion, discrimination, ",Teacher,89%,76%,71%,64%,69%,69%,%,
"Marginalization, Exclusion, and Discrimination","Who students go to to resolve the problem related to marginalization, exclusion, discrimination, ",Parents,80%,48%,54%,68%,55%,55%,%,
"Marginalization, Exclusion, and Discrimination","Who students go to to resolve the problem related to marginalization, exclusion, discrimination, ",Other students,24%,25%,16%,7%,10%,10%,%,
"Marginalization, Exclusion, and Discrimination","Who students go to to resolve the problem related to marginalization, exclusion, discrimination, ",Local leaders,46%,19%,26%,18%,15%,15%,%,
"Marginalization, Exclusion, and Discrimination","Who students go to to resolve the problem related to marginalization, exclusion, discrimination, ",Religious leaders,7%,8%,8%,4%,4%,4%,%,
"Marginalization, Exclusion, and Discrimination","Who students go to to resolve the problem related to marginalization, exclusion, discrimination, ",Other,11%,4%,3%,3%,3%,3%,%,
"Marginalization, Exclusion, and Discrimination","Who students go to to resolve the problem related to marginalization, exclusion, discrimination, ",Refuse / no response,2%,5%,5%,3%,2%,2%,%,
Education Access and Quality,Attitude towards Education Index,Mean average,81%,82%,82%,81%,79%,79%,%,
Education Access and Quality,Rank education access,Very good,27%,5%,12%,10%,11%,11%,%,
Education Access and Quality,Rank education access,Good,40%,33%,29%,37%,33%,33%,%,
Education Access and Quality,Rank education access,Average,24%,41%,39%,23%,27%,27%,%,
Education Access and Quality,Rank education access,Bad,7%,17%,13%,19%,20%,20%,%,
Education Access and Quality,Rank education access,Very bad,0%,4%,7%,11%,9%,9%,%,
Education Access and Quality,Rank education access,Refuse / no response,4%,0%,0%,1%,1%,1%,%,
Education Access and Quality,Rank quality of education,Very good,25%,2%,6%,8%,7%,7%,%,
Education Access and Quality,Rank quality of education,Good,40%,33%,24%,37%,34%,34%,%,
Education Access and Quality,Rank quality of education,Average,22%,47%,43%,25%,30%,30%,%,
Education Access and Quality,Rank quality of education,Bad,5%,12%,20%,20%,19%,19%,%,
Education Access and Quality,Rank quality of education,Very bad,0%,6%,8%,10%,8%,8%,%,
Education Access and Quality,Rank quality of education,Refuse / no response,8%,1%,0%,1%,2%,2%,%,
Education Access and Quality,Main factors that prevent students from attending school,Illness,61%,53%,60%,44%,57%,57%,%,
Education Access and Quality,Main factors that prevent students from attending school,A family member is sick,35%,19%,32%,10%,17%,17%,%,
Education Access and Quality,Main factors that prevent students from attending school,Need to take care of family matter,21%,17%,24%,7%,17%,17%,%,
Education Access and Quality,Main factors that prevent students from attending school,Have to work,46%,21%,27%,10%,21%,21%,%,
Education Access and Quality,Main factors that prevent students from attending school,Teacher absent from school,14%,16%,22%,8%,19%,19%,%,
Education Access and Quality,Main factors that prevent students from attending school,School is too far,17%,27%,28%,15%,25%,25%,%,
Education Access and Quality,Main factors that prevent students from attending school,Unsafe School,9%,6%,11%,4%,9%,9%,%,
Education Access and Quality,Main factors that prevent students from attending school,School if located in an insecure area,19%,3%,6%,1%,7%,7%,%,
Education Access and Quality,Main factors that prevent students from attending school,Other,49%,53%,33%,69%,47%,47%,%,
Education Access and Quality,Main factors that prevent students from attending school,Refuse / no response,3%,2%,2%,1%,2%,2%,%,
Education Access and Quality,Main factors that help students attending school,Bursaries,74%,65%,56%,56%,55%,55%,%,
Education Access and Quality,Main factors that help students attending school,Older siblings at the same school,13%,21%,24%,8%,18%,18%,%,
Education Access and Quality,Main factors that help students attending school,Supportive teachers,53%,51%,67%,52%,58%,58%,%,
Education Access and Quality,Main factors that help students attending school,Supportive family members,71%,60%,71%,73%,65%,65%,%,
Education Access and Quality,Main factors that help students attending school,Extra-curricular activities,19%,17%,21%,17%,20%,20%,%,
Education Access and Quality,Main factors that help students attending school,Good Curriculum,31%,17%,25%,11%,23%,23%,%,
Education Access and Quality,Main factors that help students attending school,Other,20%,25%,5%,22%,16%,16%,%,
Education Access and Quality,Main factors that help students attending school,Refuse / no response,2%,1%,2%,1%,1%,1%,%,
Education Access and Quality,Main factors that limit the quality of education,Lack of meals at school,80%,42%,49%,44%,48%,48%,%,
Education Access and Quality,Main factors that limit the quality of education,No adequate classrooms,54%,42%,65%,28%,40%,40%,%,
Education Access and Quality,Main factors that limit the quality of education,High pupil/teacher ratio,14%,31%,50%,19%,28%,28%,%,
Education Access and Quality,Main factors that limit the quality of education,Untrained teachers,37%,51%,37%,31%,33%,33%,%,
Education Access and Quality,Main factors that limit the quality of education,Lack of teaching and learning materials,72%,51%,66%,52%,49%,49%,%,
Education Access and Quality,Main factors that limit the quality of education,Lack monitoring,17%,33%,26%,36%,38%,38%,%,
Education Access and Quality,Main factors that limit the quality of education,Teachers are not paid (at all or on time),15%,13%,23%,44%,21%,21%,%,
Education Access and Quality,Main factors that limit the quality of education,Other,28%,31%,11%,20%,22%,22%,%,
Education Access and Quality,Main factors that limit the quality of education,Refuse / no response,2%,2%,0%,1%,2%,2%,%,
Education Access and Quality,What is needed to improve education?,School meals,82%,45%,41%,43%,48%,48%,%,
Education Access and Quality,What is needed to improve education?,Provision of more classrooms,57%,45%,68%,41%,48%,48%,%,
Education Access and Quality,What is needed to improve education?,Pay teachers salaries/incentives,27%,51%,53%,70%,48%,48%,%,
Education Access and Quality,What is needed to improve education?,School monitoring by all stakeholders,20%,40%,44%,43%,42%,42%,%,
Education Access and Quality,What is needed to improve education?,Provision of adequate scholastic materials,79%,52%,62%,55%,55%,55%,%,
Education Access and Quality,What is needed to improve education?,Sensitisation on the children's rights,42%,25%,36%,21%,25%,25%,%,
Education Access and Quality,What is needed to improve education?,Other,25%,30%,14%,18%,19%,19%,%,
Education Access and Quality,What is needed to improve education?,Refuse / no response,1%,3%,0%,1%,1%,1%,%,
Conflicts in School,Most common types of disputes in school,Poor leadership styles,40%,39%,44%,44%,33%,33%,%,
Conflicts in School,Most common types of disputes in school,Teachers salaries,52%,34%,44%,50%,42%,42%,%,
Conflicts in School,Most common types of disputes in school,Poor feeding,85%,34%,49%,63%,54%,54%,%,
Conflicts in School,Most common types of disputes in school,Incentives fund,9%,14%,16%,6%,12%,12%,%,
Conflicts in School,Most common types of disputes in school,Accomodation,41%,21%,22%,12%,27%,27%,%,
Conflicts in School,Most common types of disputes in school,Teachers absenteeism,34%,32%,40%,23%,34%,34%,%,
Conflicts in School,Most common types of disputes in school,School Land Disputes,48%,30%,21%,4%,13%,13%,%,
Conflicts in School,Most common types of disputes in school,Quality of education,24%,22%,24%,12%,26%,26%,%,
Conflicts in School,Most common types of disputes in school,Teacher-on-pupil violence,34%,21%,15%,22%,19%,19%,%,
Conflicts in School,Most common types of disputes in school,Challenges to education authorities' policies and programs,23%,4%,11%,3%,11%,11%,%,
Conflicts in School,Most common types of disputes in school,Language of instruction,10%,9%,10%,3%,8%,8%,%,
Conflicts in School,Most common types of disputes in school,Schools' requests for parental financial contribution,32%,12%,10%,7%,16%,16%,%,
Conflicts in School,Most common types of disputes in school,Conflict between school administration and the foundation body of the school,34%,8%,7%,3%,6%,6%,%,
Conflicts in School,Most common types of disputes in school,Other,13%,8%,9%,14%,11%,11%,%,
Conflicts in School,Most common types of disputes in school,Refuse / no response,0%,19%,14%,5%,5%,5%,%,
Conflicts in School,Type of conflicts most likely to become violent,Poor leadership styles,32%,38%,37%,37%,29%,29%,%,
Conflicts in School,Type of conflicts most likely to become violent,Teachers salaries,44%,36%,42%,42%,39%,39%,%,
Conflicts in School,Type of conflicts most likely to become violent,Poor feeding,71%,42%,49%,65%,50%,50%,%,
Conflicts in School,Type of conflicts most likely to become violent,Incentives fund,9%,10%,12%,4%,8%,8%,%,
Conflicts in School,Type of conflicts most likely to become violent,Accomodation,33%,18%,17%,15%,22%,22%,%,
Conflicts in School,Type of conflicts most likely to become violent,Teachers absenteeism,24%,31%,34%,15%,27%,27%,%,
Conflicts in School,Type of conflicts most likely to become violent,School Land Disputes,40%,29%,18%,4%,10%,10%,%,
Conflicts in School,Type of conflicts most likely to become violent,Quality of education,9%,19%,21%,3%,21%,21%,%,
Conflicts in School,Type of conflicts most likely to become violent,Teacher absenteeism,13%,20%,27%,4%,23%,23%,%,
Conflicts in School,Type of conflicts most likely to become violent,Teacher-on-pupil violence,20%,19%,13%,16%,15%,15%,%,
Conflicts in School,Type of conflicts most likely to become violent,Challenges to education authorities' policies and programs,14%,2%,10%,3%,11%,11%,%,
Conflicts in School,Type of conflicts most likely to become violent,Mother tongue instruction,6%,7%,10%,0%,6%,6%,%,
Conflicts in School,Type of conflicts most likely to become violent,Schools' requests for parental financial contribution,28%,13%,7%,3%,13%,13%,%,
Conflicts in School,Type of conflicts most likely to become violent,Conflict between school administration and the foundation body of the school,30%,8%,8%,2%,5%,5%,%,
Conflicts in School,Type of conflicts most likely to become violent,Other,3%,5%,14%,8%,8%,8%,%,
Conflicts in School,Type of conflicts most likely to become violent,Refuse / no response,0%,22%,15%,8%,7%,7%,%,
Conflicts in School,Who was involved in the above mentioned conflicts?,Teachers,91%,66%,54%,81%,64%,64%,%,
Conflicts in School,Who was involved in the above mentioned conflicts?,Students,87%,56%,57%,78%,62%,62%,%,
Conflicts in School,Who was involved in the above mentioned conflicts?,Parents,71%,53%,36%,22%,36%,36%,%,
Conflicts in School,Who was involved in the above mentioned conflicts?,Other,10%,10%,12%,0%,6%,6%,%,
Conflicts in School,Who was involved in the above mentioned conflicts?,Refuse / no response,3%,19%,17%,4%,8%,8%,%,
Conflicts in School,How often conflicts or disputes take place in schools?,Very often,6%,2%,1%,8%,4%,4%,%,
Conflicts in School,How often conflicts or disputes take place in schools?,Often,21%,2%,4%,10%,8%,8%,%,
Conflicts in School,How often conflicts or disputes take place in schools?,Sometimes,42%,19%,10%,24%,25%,25%,%,
Conflicts in School,How often conflicts or disputes take place in schools?,Rarely,29%,60%,54%,47%,46%,46%,%,
Conflicts in School,How often conflicts or disputes take place in schools?,Never,2%,13%,25%,10%,16%,16%,%,
Conflicts in School,How often conflicts or disputes take place in schools?,Refuse / no response,1%,3%,5%,1%,2%,2%,%,
Conflicts in School,Who resolve conflicts or disputes between students?,Students themselves,1%,1%,4%,3%,3%,3%,%,
Conflicts in School,Who resolve conflicts or disputes between students?,Students' families,6%,5%,2%,11%,5%,5%,%,
Conflicts in School,Who resolve conflicts or disputes between students?,Teachers,80%,77%,77%,71%,76%,76%,%,
Conflicts in School,Who resolve conflicts or disputes between students?,Prefects,11%,9%,6%,5%,9%,9%,%,
Conflicts in School,Who resolve conflicts or disputes between students?,Other (please specify),1%,4%,4%,9%,4%,4%,%,
Conflicts in School,Who resolve conflicts or disputes between students?,Refuse / no response,1%,3%,7%,3%,4%,4%,%,
Conflicts in School,Who resolve conflicts/disputes between students and teachers?,School management committee,15%,11%,33%,20%,14%,14%,%,
Conflicts in School,Who resolve conflicts/disputes between students and teachers?,Headteacher,56%,64%,47%,55%,64%,64%,%,
Conflicts in School,Who resolve conflicts/disputes between students and teachers?,School council,17%,5%,4%,7%,8%,8%,%,
Conflicts in School,Who resolve conflicts/disputes between students and teachers?,PTA,9%,14%,7%,16%,10%,10%,%,
Conflicts in School,Who resolve conflicts/disputes between students and teachers?,Other,2%,4%,0%,3%,2%,2%,%,
Conflicts in School,Who resolve conflicts/disputes between students and teachers?,Refuse / no response,1%,2%,9%,1%,2%,2%,%,
Conflicts in School,What about conflicts between teachers and parents on the one hand or teachers and community members on the other hand?,PTA,51%,38%,51%,25%,51%,51%,%,
Conflicts in School,What about conflicts between teachers and parents on the one hand or teachers and community members on the other hand?,School management committee,35%,45%,34%,48%,33%,33%,%,
Conflicts in School,What about conflicts between teachers and parents on the one hand or teachers and community members on the other hand?,District education office,13%,7%,6%,25%,12%,12%,%,
Conflicts in School,What about conflicts between teachers and parents on the one hand or teachers and community members on the other hand?,Other,1%,6%,1%,1%,1%,1%,%,
Conflicts in School,What about conflicts between teachers and parents on the one hand or teachers and community members on the other hand?,Refuse / no response,0%,5%,8%,2%,3%,3%,%,
Conflicts in School,Completed Primary School or Currently Enrolled in School,% Completed or Enrolled,24%,46%,49%,43%,52%,52%,%,
Direct Exposure to Conflicts in School,"Experienced exclusion, marginalization, or discrimination in school?",Yes,7%,10%,5%,8%,9%,9%,%,
Direct Exposure to Conflicts in School,"Contacted the following to resolve the exclusion, marginalization, or discrimination problem",Nobody,0%,20%,8%,6%,16%,16%,%,
Direct Exposure to Conflicts in School,"Contacted the following to resolve the exclusion, marginalization, or discrimination problem",Teacher,33%,45%,42%,50%,61%,61%,%,
Direct Exposure to Conflicts in School,"Contacted the following to resolve the exclusion, marginalization, or discrimination problem",Parents,67%,5%,42%,31%,54%,54%,%,
Direct Exposure to Conflicts in School,"Contacted the following to resolve the exclusion, marginalization, or discrimination problem",Other students,33%,30%,25%,6%,11%,11%,%,
Direct Exposure to Conflicts in School,"Contacted the following to resolve the exclusion, marginalization, or discrimination problem",Local leaders,33%,5%,17%,13%,17%,17%,%,
Direct Exposure to Conflicts in School,"Contacted the following to resolve the exclusion, marginalization, or discrimination problem",Religious leaders,0%,0%,25%,0%,3%,3%,%,
Direct Exposure to Conflicts in School,"Contacted the following to resolve the exclusion, marginalization, or discrimination problem",Other,17%,20%,8%,6%,3%,3%,%,
Direct Exposure to Conflicts in School,"Contacted the following to resolve the exclusion, marginalization, or discrimination problem",Refuse / no response,0%,0%,0%,6%,0%,0%,%,
Direct Exposure to Conflicts in School,Satisfied with the outcome,Yes,67%,88%,73%,67%,61%,61%,%,
Direct Exposure to Conflicts in School,"Being called names, insulted, or humiliated",Yes,14%,32%,21%,18%,23%,23%,%,
Direct Exposure to Conflicts in School,"Being the subject of gossips, rumours",Yes,13%,28%,15%,7%,17%,17%,%,
Direct Exposure to Conflicts in School,Being threatened with violence,Yes,14%,21%,14%,6%,11%,11%,%,
Direct Exposure to Conflicts in School,"Being physically abused by a teacher at school in a way that resulted in pain, discomfort, or injury",Yes,10%,22%,9%,12%,14%,14%,%,
Challenges in School,Students who are undisciplined and disruptive,Major,51%,35%,64%,56%,45%,45%,%,
Challenges in School,Students who are undisciplined and disruptive,Minor,15%,40%,17%,18%,28%,28%,%,
Challenges in School,Students who are undisciplined and disruptive,Not a problem,29%,24%,18%,24%,24%,24%,%,
Challenges in School,Students who are undisciplined and disruptive,Refuse / no response,5%,2%,2%,2%,2%,2%,%,
Challenges in School,Overcrowded classrooms,Major,55%,54%,72%,38%,53%,53%,%,
Challenges in School,Overcrowded classrooms,Minor,16%,25%,14%,31%,26%,26%,%,
Challenges in School,Overcrowded classrooms,Not a problem,23%,20%,13%,28%,19%,19%,%,
Challenges in School,Overcrowded classrooms,Refuse / no response,6%,2%,1%,3%,2%,2%,%,
Challenges in School,Facilities that are unsafe or unhealthy,Major,48%,18%,34%,38%,30%,30%,%,
Challenges in School,Facilities that are unsafe or unhealthy,Minor,27%,47%,24%,28%,30%,30%,%,
Challenges in School,Facilities that are unsafe or unhealthy,Not a problem,19%,34%,39%,32%,38%,38%,%,
Challenges in School,Facilities that are unsafe or unhealthy,Refuse / no response,7%,2%,2%,2%,2%,2%,%,
Challenges in School,Lack of equipment,Major,64%,39%,32%,45%,53%,53%,%,
Challenges in School,Lack of equipment,Minor,17%,41%,36%,33%,29%,29%,%,
Challenges in School,Lack of equipment,Not a problem,15%,17%,31%,20%,17%,17%,%,
Challenges in School,Lack of equipment,Refuse / no response,4%,2%,1%,1%,2%,2%,%,
Challenges in School,Violence and lack of school safety,Major,42%,6%,29%,30%,29%,29%,%,
Challenges in School,Violence and lack of school safety,Minor,15%,54%,29%,25%,30%,30%,%,
Challenges in School,Violence and lack of school safety,Not a problem,40%,39%,41%,44%,39%,39%,%,
Challenges in School,Violence and lack of school safety,Refuse / no response,3%,2%,2%,1%,2%,2%,%,
Challenges in School,Sexual violence,Major,33%,7%,19%,28%,24%,24%,%,
Challenges in School,Sexual violence,Minor,13%,30%,33%,19%,22%,22%,%,
Challenges in School,Sexual violence,Not a problem,50%,60%,46%,52%,49%,49%,%,
Challenges in School,Sexual violence,Refuse / no response,4%,2%,1%,1%,5%,5%,%,
Challenges in School,Lack of parental involvement,Major,41%,16%,35%,38%,30%,30%,%,
Challenges in School,Lack of parental involvement,Minor,25%,58%,27%,35%,38%,38%,%,
Challenges in School,Lack of parental involvement,Not a problem,31%,24%,38%,26%,29%,29%,%,
Challenges in School,Lack of parental involvement,Refuse / no response,4%,2%,1%,1%,3%,3%,%,
Challenges in School,Poor quality of teachers,Major,50%,24%,36%,45%,46%,46%,%,
Challenges in School,Poor quality of teachers,Minor,16%,49%,30%,29%,29%,29%,%,
Challenges in School,Poor quality of teachers,Not a problem,24%,25%,32%,25%,23%,23%,%,
Challenges in School,Poor quality of teachers,Refuse / no response,10%,2%,2%,1%,2%,2%,%,
Challenges in School,Absenteeism of teachers,Major,49%,31%,39%,51%,46%,46%,%,
Challenges in School,Absenteeism of teachers,Minor,15%,46%,29%,24%,31%,31%,%,
Challenges in School,Absenteeism of teachers,Not a problem,27%,22%,30%,24%,21%,21%,%,
Challenges in School,Absenteeism of teachers,Refuse / no response,10%,2%,2%,2%,3%,3%,%,
Challenges in School,Poor evaluation or grading of students,Major,44%,13%,31%,31%,29%,29%,%,
Challenges in School,Poor evaluation or grading of students,Minor,14%,52%,29%,31%,38%,38%,%,
Challenges in School,Poor evaluation or grading of students,Not a problem,32%,32%,38%,35%,30%,30%,%,
Challenges in School,Poor evaluation or grading of students,Refuse / no response,10%,3%,3%,2%,4%,4%,%,
Challenges in School,Student use of alcohol or illegal drugs,Major,29%,7%,31%,35%,29%,29%,%,
Challenges in School,Student use of alcohol or illegal drugs,Minor,10%,29%,13%,22%,19%,19%,%,
Challenges in School,Student use of alcohol or illegal drugs,Not a problem,58%,62%,54%,42%,46%,46%,%,
Challenges in School,Student use of alcohol or illegal drugs,Refuse / no response,4%,2%,2%,1%,6%,6%,%,
Challenges in School,Teacher use of alcohol or illegal drugs,Major,30%,28%,36%,42%,36%,36%,%,
Challenges in School,Teacher use of alcohol or illegal drugs,Minor,17%,30%,19%,18%,20%,20%,%,
Challenges in School,Teacher use of alcohol or illegal drugs,Not a problem,48%,41%,43%,37%,39%,39%,%,
Challenges in School,Teacher use of alcohol or illegal drugs,Refuse / no response,5%,2%,2%,3%,5%,5%,%,
Challenges in School,Poor management of the school resources,Major,45%,18%,42%,44%,37%,37%,%,
Challenges in School,Poor management of the school resources,Minor,20%,50%,29%,20%,31%,31%,%,
Challenges in School,Poor management of the school resources,Not a problem,30%,30%,28%,34%,30%,30%,%,
Challenges in School,Poor management of the school resources,Refuse / no response,5%,2%,1%,2%,2%,2%,%,
Challenges in School,Teachers appointed politically and not based on competences,Major,20%,6%,15%,22%,16%,16%,%,
Challenges in School,Teachers appointed politically and not based on competences,Minor,15%,14%,17%,22%,21%,21%,%,
Challenges in School,Teachers appointed politically and not based on competences,Not a problem,56%,77%,66%,54%,58%,58%,%,
Challenges in School,Teachers appointed politically and not based on competences,Refuse / no response,10%,3%,2%,2%,4%,4%,%,
Challenges in School,Political interference in other aspects of school management,Major,19%,5%,12%,18%,15%,15%,%,
Challenges in School,Political interference in other aspects of school management,Minor,13%,17%,21%,25%,24%,24%,%,
Challenges in School,Political interference in other aspects of school management,Not a problem,59%,74%,67%,54%,57%,57%,%,
Challenges in School,Political interference in other aspects of school management,Refuse / no response,9%,5%,1%,3%,5%,5%,%,
Challenges in School,Lack of funding for the school or school funding,Major,63%,32%,66%,45%,47%,47%,%,
Challenges in School,Lack of funding for the school or school funding,Minor,19%,36%,13%,31%,26%,26%,%,
Challenges in School,Lack of funding for the school or school funding,Not a problem,16%,27%,21%,22%,25%,25%,%,
Challenges in School,Lack of funding for the school or school funding,Refuse / no response,2%,5%,0%,2%,2%,2%,%,
Challenges in School,"Conflicts between school stakeholder such as teachers, parents, students, etc?",Major,30%,8%,25%,19%,21%,21%,%,
Challenges in School,"Conflicts between school stakeholder such as teachers, parents, students, etc?",Minor,16%,31%,14%,25%,27%,27%,%,
Challenges in School,"Conflicts between school stakeholder such as teachers, parents, students, etc?",Not a problem,52%,57%,61%,54%,48%,48%,%,
Challenges in School,"Conflicts between school stakeholder such as teachers, parents, students, etc?",Refuse / no response,2%,4%,0%,2%,4%,4%,%,
Challenges in School,Conflicts between the community and the school?,Major,28%,5%,23%,15%,19%,19%,%,
Challenges in School,Conflicts between the community and the school?,Minor,17%,33%,14%,26%,24%,24%,%,
Challenges in School,Conflicts between the community and the school?,Not a problem,54%,59%,62%,57%,54%,54%,%,
Challenges in School,Conflicts between the community and the school?,Refuse / no response,2%,3%,2%,2%,3%,3%,%,
Challenges in School,Are there any other problems not mentioned here that schools face?,No,78%,84%,93%,95%,84%,84%,%,
Challenges in School,Are there any other problems not mentioned here that schools face?,"Yes - if yes, specify",10%,9%,4%,5%,12%,12%,%,
Challenges in School,Are there any other problems not mentioned here that schools face?,Refuse / no response,13%,7%,3%,0%,4%,4%,%,
Challenges in School,Most important factor that influence student grades,payment in money,2%,4%,11%,8%,8%,8%,%,
Challenges in School,Most important factor that influence student grades,political affiliation,1%,0%,0%,0%,0%,0%,%,
Challenges in School,Most important factor that influence student grades,payment in kind,1%,0%,2%,2%,2%,2%,%,
Challenges in School,Most important factor that influence student grades,students work,42%,39%,42%,39%,45%,45%,%,
Challenges in School,Most important factor that influence student grades,parental involvement,10%,4%,11%,11%,9%,9%,%,
Challenges in School,Most important factor that influence student grades,good teachers,35%,42%,24%,29%,26%,26%,%,
Challenges in School,Most important factor that influence student grades,good educational program,7%,3%,7%,7%,6%,6%,%,
Challenges in School,Most important factor that influence student grades,Other,2%,3%,1%,3%,2%,2%,%,
Challenges in School,Most important factor that influence student grades,Refuse / no response,0%,5%,2%,1%,2%,2%,%,
Challenges in School,Other important factors that influence student grades,Payment in cash,13%,19%,26%,7%,16%,16%,%,
Challenges in School,Other important factors that influence student grades,Political affiliation,2%,6%,6%,5%,4%,4%,%,
Challenges in School,Other important factors that influence student grades,Payment in kind,7%,14%,31%,8%,10%,10%,%,
Challenges in School,Other important factors that influence student grades,Students work,89%,68%,61%,68%,66%,66%,%,
Challenges in School,Other important factors that influence student grades,Parental involvement,71%,58%,60%,65%,61%,61%,%,
Challenges in School,Other important factors that influence student grades,Good teachers,89%,71%,75%,70%,68%,68%,%,
Challenges in School,Other important factors that influence student grades,Good educational program,62%,34%,37%,27%,37%,37%,%,
Challenges in School,Other important factors that influence student grades,Other,9%,8%,3%,5%,4%,4%,%,
Challenges in School,Other important factors that influence student grades,Refuse / no response,1%,5%,2%,1%,1%,1%,%,
Security in School,Rank security of students at school,Not safe at all,3%,1%,0%,3%,3%,3%,%,
Security in School,Rank security of students at school,Not very safe,9%,6%,2%,6%,9%,9%,%,
Security in School,Rank security of students at school,Neither safe or unsafe,8%,8%,14%,9%,12%,12%,%,
Security in School,Rank security of students at school,Safe,51%,75%,65%,69%,66%,66%,%,
Security in School,Rank security of students at school,Very Safe,28%,9%,17%,13%,8%,8%,%,
Security in School,Rank security of students at school,Refuse / no response,2%,1%,1%,0%,2%,2%,%,
Security in School,Main factors that make it unsafe for students who are attending schools,Presence of ex-combatants,17%,6%,0%,8%,2%,2%,%,
Security in School,Main factors that make it unsafe for students who are attending schools,Ethnic violence,67%,6%,0%,16%,9%,9%,%,
Security in School,Main factors that make it unsafe for students who are attending schools,Drunk people,27%,33%,50%,48%,51%,51%,%,
Security in School,Main factors that make it unsafe for students who are attending schools,"Crimes, robberies",37%,33%,83%,84%,52%,52%,%,
Security in School,Main factors that make it unsafe for students who are attending schools,Other,20%,56%,17%,16%,24%,24%,%,
Security in School,Main factors that make it unsafe for students who are attending schools,Refuse / no response,3%,6%,0%,0%,4%,4%,%,
Security in School,What should be done to improve security in schools?,Child rights sensitization,39%,27%,14%,17%,22%,22%,%,
Security in School,What should be done to improve security in schools?,Ensure community and school vigilance,65%,47%,32%,31%,39%,39%,%,
Security in School,What should be done to improve security in schools?,Life skills,39%,27%,32%,21%,28%,28%,%,
Security in School,What should be done to improve security in schools?,Fencing of the school,92%,45%,66%,79%,58%,58%,%,
Security in School,What should be done to improve security in schools?,Child protection clubs,34%,25%,24%,21%,24%,24%,%,
Security in School,What should be done to improve security in schools?,Other,10%,12%,3%,10%,6%,6%,%,
Security in School,What should be done to improve security in schools?,Refuse / no response,1%,9%,7%,1%,8%,8%,%,
Participation in Education,Language literacy (read and write),None,67%,29%,14%,4%,12%,12%,%,
Participation in Education,Language literacy (read and write),Swahili,2%,3%,10%,3%,8%,8%,%,
Participation in Education,Language literacy (read and write),English,23%,39%,58%,39%,47%,47%,%,
Participation in Education,Language literacy (read and write),Other,30%,48%,45%,91%,65%,65%,%,
Participation in Education,Language literacy (read and write),Refuse / no response,0%,1%,1%,0%,0%,0%,%,
Participation in Education,Highest level of formal education,No school,65%,20%,11%,26%,19%,19%,%,
Participation in Education,Highest level of formal education,"Some primary school (p1-p6, not p7)",22%,42%,43%,32%,33%,33%,%,
Participation in Education,Highest level of formal education,Completed primary school (p7),3%,10%,12%,9%,14%,14%,%,
Participation in Education,Highest level of formal education,Vocational school (certificate),0%,6%,1%,2%,2%,2%,%,
Participation in Education,Highest level of formal education,"Some secondary school (s1-s3, not s4)",5%,12%,20%,18%,17%,17%,%,
Participation in Education,Highest level of formal education,"Completed secondary school, “o” level",4%,4%,8%,8%,9%,9%,%,
Participation in Education,Highest level of formal education,Completed advance level or “a” level,0%,3%,2%,4%,4%,4%,%,
Participation in Education,Highest level of formal education,Some university (not completed),0%,0%,2%,0%,1%,1%,%,
Participation in Education,Highest level of formal education,Completed university or higher,1%,1%,2%,1%,2%,2%,%,
Participation in Education,Currently enrolled in any formal education,Currently enrolled in any formal education (% yes),45%,29%,12%,21%,21%,21%,%,
Participation in Education,Type of school currently enrolled,Public school,88%,75%,71%,55%,67%,67%,%,
Participation in Education,Type of school currently enrolled,Religious / parochial school,10%,9%,7%,2%,2%,2%,%,
Participation in Education,Type of school currently enrolled,Private non-religious,0%,12%,11%,36%,24%,24%,%,
Participation in Education,Type of school currently enrolled,Informal school  (home school),0%,0%,4%,0%,0%,0%,%,
Participation in Education,Type of school currently enrolled,Vocational school,0%,5%,7%,5%,6%,6%,%,
Participation in Education,Type of school currently enrolled,Other,2%,0%,0%,2%,1%,1%,%,
Participation in Education,School level currently enrolled,P1,0%,0%,0%,0%,0%,0%,%,
Participation in Education,School level currently enrolled,P2,10%,0%,4%,0%,1%,1%,%,
Participation in Education,School level currently enrolled,P3,10%,0%,0%,0%,1%,1%,%,
Participation in Education,School level currently enrolled,P4,7%,3%,4%,0%,2%,2%,%,
Participation in Education,School level currently enrolled,P5,17%,14%,11%,2%,6%,6%,%,
Participation in Education,School level currently enrolled,P6,20%,17%,4%,7%,11%,11%,%,
Participation in Education,School level currently enrolled,P7,15%,22%,7%,7%,8%,8%,%,
Participation in Education,School level currently enrolled,S1,7%,7%,29%,10%,17%,17%,%,
Participation in Education,School level currently enrolled,S2,7%,7%,11%,17%,14%,14%,%,
Participation in Education,School level currently enrolled,S3,0%,10%,11%,24%,15%,15%,%,
Participation in Education,School level currently enrolled,S4,5%,3%,4%,14%,11%,11%,%,
Participation in Education,School level currently enrolled,S5,0%,3%,4%,7%,4%,4%,%,
Participation in Education,School level currently enrolled,S6,0%,7%,0%,5%,4%,4%,%,
Participation in Education,School level currently enrolled,Vocational,0%,5%,7%,5%,5%,5%,%,
Participation in Education,School level currently enrolled,University,0%,0%,0%,0%,2%,2%,%,
Participation in Education,School level currently enrolled,Other,2%,2%,4%,2%,0%,0%,%,
Participation in Education,Plan to finish current education cycle,Plan to finish current education cycle (% yes),98%,97%,93%,91%,95%,95%,%,
Participation in Education,Why do you not plan to finish current education cycle?,The lack of fee for school,0%,100%,100%,100%,100%,100%,%,
Participation in Education,Why do you not plan to finish current education cycle?,Lack of scholastic materials,0%,0%,0%,0%,0%,0%,%,
Participation in Education,Why do you not plan to finish current education cycle?,Have to look after my siblings/parents,100%,0%,0%,0%,0%,0%,%,
Participation in Education,Why do you not plan to finish current education cycle?,Have to start generating income,0%,0%,0%,0%,0%,0%,%,
Participation in Education,Why do you not plan to finish current education cycle?,Lost interest in education,0%,0%,0%,0%,0%,0%,%,
Participation in Education,Why do you not plan to finish current education cycle?,Other,0%,0%,0%,0%,0%,0%,%,
Participation in Education,Plan to continue education to the next level,Plan to continue education to the next level (% yes),95%,100%,86%,93%,94%,94%,%,
Participation in Education,Have children of school-going age,Have children of school-going age (% yes),78%,77%,82%,87%,74%,74%,%,
Participation in Education,Children attending school regularly,Children attending school regularly (% yes),87%,93%,93%,91%,89%,89%,%,
Participation in Education,Why are they not attending school regularly?,The  lack of  fee for school,16%,63%,30%,69%,55%,55%,%,
Participation in Education,Why are they not attending school regularly?,Work (paid work) out of the household,11%,13%,10%,0%,0%,0%,%,
Participation in Education,Why are they not attending school regularly?,Work within the household / assist relatives,11%,0%,0%,0%,4%,4%,%,
Participation in Education,Why are they not attending school regularly?,Children not interested in education,5%,0%,0%,0%,2%,2%,%,
Participation in Education,Why are they not attending school regularly?,Education not useful for children’s future,5%,0%,0%,0%,0%,0%,%,
Participation in Education,Why are they not attending school regularly?,Illness,5%,13%,0%,0%,6%,6%,%,
Participation in Education,Why are they not attending school regularly?,Marriage / pregnancy,11%,0%,0%,8%,8%,8%,%,
Participation in Education,Why are they not attending school regularly?,School is far,16%,0%,50%,8%,6%,6%,%,
Participation in Education,Why are they not attending school regularly?,School is located in an insecure area,0%,0%,0%,0%,0%,0%,%,
Participation in Education,Why are they not attending school regularly?,Lack of teachers,5%,0%,0%,0%,2%,2%,%,
Participation in Education,Why are they not attending school regularly?,Lack of classrooms,0%,13%,10%,8%,0%,0%,%,
Participation in Education,Why are they not attending school regularly?,Lack of safe water,0%,0%,0%,0%,0%,0%,%,
Participation in Education,Why are they not attending school regularly?,Lack of sanitation facilities,5%,0%,0%,0%,0%,0%,%,
Participation in Education,Why are they not attending school regularly?,Other,11%,0%,0%,8%,12%,12%,%,
Participation in Education,Type of school(s) respondent's children attending,Government (Public) school,95%,84%,97%,77%,76%,76%,%,
Participation in Education,Type of school(s) respondent's children attending,Religious / parochial school,3%,14%,3%,1%,3%,3%,%,
Participation in Education,Type of school(s) respondent's children attending,Private non-religious School,2%,21%,7%,33%,30%,30%,%,
Participation in Education,Type of school(s) respondent's children attending,NGO sponsored school,1%,1%,0%,0%,1%,1%,%,
Participation in Education,Type of school(s) respondent's children attending,Other,2%,2%,0%,1%,1%,1%,%,
Participation in Education,Level of education respondent's children attending,P1,33%,47%,62%,55%,48%,48%,%,
Participation in Education,Level of education respondent's children attending,P2,37%,34%,42%,25%,33%,33%,%,
Participation in Education,Level of education respondent's children attending,P3,36%,40%,46%,30%,31%,31%,%,
Participation in Education,Level of education respondent's children attending,P4,29%,30%,31%,19%,33%,33%,%,
Participation in Education,Level of education respondent's children attending,P5,21%,35%,29%,22%,29%,29%,%,
Participation in Education,Level of education respondent's children attending,P6,17%,24%,15%,16%,26%,26%,%,
Participation in Education,Level of education respondent's children attending,P7,10%,10%,13%,19%,17%,17%,%,
Participation in Education,Level of education respondent's children attending,S1,5%,7%,7%,10%,14%,14%,%,
Participation in Education,Level of education respondent's children attending,S2,5%,9%,3%,11%,8%,8%,%,
Participation in Education,Level of education respondent's children attending,S3,6%,10%,4%,9%,7%,7%,%,
Participation in Education,Level of education respondent's children attending,S4,6%,3%,4%,9%,6%,6%,%,
Participation in Education,Level of education respondent's children attending,S5,0%,3%,3%,4%,2%,2%,%,
Participation in Education,Level of education respondent's children attending,S6,0%,4%,2%,4%,3%,3%,%,
Participation in Education,Level of education respondent's children attending,Refuse / no response,1%,2%,1%,0%,1%,1%,%,
Parent-Community Relationship,Student Teacher Parent Relationship Index,Mean average,73%,70%,75%,73%,68%,68%,%,
Parent-Community Relationship,Community Student Teacher Parent Relationship Index,Mean average,69%,70%,74%,75%,70%,70%,%,
Parent-Community Relationship,Frequency respondent's parents/guardians meet with teachers,More than once a month,29%,24%,4%,21%,22%,22%,%,
Parent-Community Relationship,Frequency respondent's parents/guardians meet with teachers,Once a month,34%,22%,18%,26%,19%,19%,%,
Parent-Community Relationship,Frequency respondent's parents/guardians meet with teachers,A few times a year,22%,36%,46%,43%,28%,28%,%,
Parent-Community Relationship,Frequency respondent's parents/guardians meet with teachers,Once a year or less,0%,10%,4%,0%,9%,9%,%,
Parent-Community Relationship,Frequency respondent's parents/guardians meet with teachers,Never,15%,5%,25%,10%,19%,19%,%,
Parent-Community Relationship,Frequency respondent's parents/guardians meet with teachers,Refuse / no response,0%,3%,4%,0%,2%,2%,%,
Parent-Community Relationship,Type school meetings parents attended,Open days,51%,14%,0%,40%,32%,32%,%,
Parent-Community Relationship,Type school meetings parents attended,Extra-curricular activities,23%,23%,19%,13%,14%,14%,%,
Parent-Community Relationship,Type school meetings parents attended,Parent-teacher Association (PTA),86%,71%,81%,58%,55%,55%,%,
Parent-Community Relationship,Type school meetings parents attended,Parent-teacher meeting,83%,55%,43%,53%,64%,64%,%,
Parent-Community Relationship,Type school meetings parents attended,School management committee,9%,38%,5%,13%,16%,16%,%,
Parent-Community Relationship,Type school meetings parents attended,Other,6%,4%,0%,0%,4%,4%,%,
Parent-Community Relationship,Type school meetings parents attended,Refuse / no response,0%,4%,5%,0%,4%,4%,%,
Parent-Community Relationship,Frequency respondent meet with their children's teacher,More than once a month,36%,29%,18%,28%,24%,24%,%,
Parent-Community Relationship,Frequency respondent meet with their children's teacher,Once a month,22%,30%,26%,47%,30%,30%,%,
Parent-Community Relationship,Frequency respondent meet with their children's teacher,A few times a year,26%,36%,38%,15%,27%,27%,%,
Parent-Community Relationship,Frequency respondent meet with their children's teacher,Once a year or less,4%,1%,6%,4%,7%,7%,%,
Parent-Community Relationship,Frequency respondent meet with their children's teacher,Never,12%,4%,11%,7%,11%,11%,%,
Parent-Community Relationship,Frequency respondent meet with their children's teacher,Refuse / no response,0%,0%,2%,0%,1%,1%,%,
Parent-Community Relationship,Type of School meetings respondent attended,Open days,37%,20%,5%,37%,36%,36%,%,
Parent-Community Relationship,Type of School meetings respondent attended,Extra-curricular activities,15%,18%,4%,8%,14%,14%,%,
Parent-Community Relationship,Type of School meetings respondent attended,Parent-teacher Association (PTA),53%,74%,85%,42%,54%,54%,%,
Parent-Community Relationship,Type of School meetings respondent attended,Parent-teacher meeting,59%,57%,57%,71%,58%,58%,%,
Parent-Community Relationship,Type of School meetings respondent attended,School management committee,8%,18%,12%,4%,11%,11%,%,
Parent-Community Relationship,Type of School meetings respondent attended,Other,12%,8%,1%,4%,5%,5%,%,
Parent-Community Relationship,Type of School meetings respondent attended,Refuse / no response,7%,1%,3%,2%,3%,3%,%,
Parent-Community Relationship,How much would community members are involved in the functioning and management of the school?,Not at all,6%,5%,7%,6%,7%,7%,%,
Parent-Community Relationship,How much would community members are involved in the functioning and management of the school?,A little,23%,39%,20%,24%,27%,27%,%,
Parent-Community Relationship,How much would community members are involved in the functioning and management of the school?,Somewhat,29%,24%,29%,23%,33%,33%,%,
Parent-Community Relationship,How much would community members are involved in the functioning and management of the school?,A lot,37%,23%,36%,41%,28%,28%,%,
Parent-Community Relationship,How much would community members are involved in the functioning and management of the school?,Extremely,4%,6%,5%,5%,4%,4%,%,
Parent-Community Relationship,How much would community members are involved in the functioning and management of the school?,Refuse / no response,2%,2%,2%,1%,1%,1%,%,
Parent-Community Relationship,How are community members involved?,Participate in school management bodies,65%,52%,22%,29%,37%,37%,%,
Parent-Community Relationship,How are community members involved?,Financing,57%,53%,44%,77%,55%,55%,%,
Parent-Community Relationship,How are community members involved?,Support school garden,40%,36%,35%,23%,25%,25%,%,
Parent-Community Relationship,How are community members involved?,Contribute time / volunteer,52%,62%,65%,29%,46%,46%,%,
Parent-Community Relationship,How are community members involved?,Other,27%,11%,7%,7%,10%,10%,%,
Parent-Community Relationship,How are community members involved?,Refuse / no response,3%,4%,3%,5%,5%,5%,%,
Social Cohesion,Overall Social Cohesion Index,Mean average,68%,67%,71%,67%,67%,67%,%,
Social Cohesion,Factor 1: Inclusion and Access to Service ,Mean average,70%,65%,66%,66%,67%,67%,%,
Social Cohesion,Factor 2: Social Relationships,Mean average,80%,78%,81%,85%,80%,80%,%,
Social Cohesion,Factor 3: Civic Participation,Mean average,45%,36%,47%,47%,44%,44%,%,
Social Cohesion,Factor 4: Trust,Mean average,62%,60%,63%,56%,53%,53%,%,
Social Cohesion,Factor 5: Nonviolence Conflict Resolution,Mean average,82%,94%,96%,82%,89%,89%,%,
Resilence,"Pyschological Resilency
",Connor Davidson Resilence Scale (Mean),29.0,33.6,32.8,34.9,33.0,33.0,,
Resilence,"Pyschological Resilency
",Rosenberg Self-Esteem Scale (Mean),23.2,21.8,21.0,21.0,22.2,22.0,,
Resilence,Resilence Outcome,Completed Primary School or Currently Enrolled in School,24%,46%,49%,43%,52%,46%,%,
Resilence,Degree of control over financial situation,No control at all,6%,26%,19%,12%,12%,12%,%,
Resilence,Degree of control over financial situation,A little bit of control,9%,22%,21%,11%,21%,21%,%,
Resilence,Degree of control over financial situation,Moderate level of control,18%,10%,11%,13%,15%,15%,%,
Resilence,Degree of control over financial situation,Quite a bit of control,22%,4%,14%,15%,12%,12%,%,
Resilence,Degree of control over financial situation,A lot of control,42%,34%,32%,47%,38%,38%,%,
Resilence,Degree of control over financial situation,Refuse / no response,3%,5%,2%,2%,2%,2%,%,
Resilence,Degree of control over life in general,No control at all,3%,7%,3%,5%,2%,2%,%,
Resilence,Degree of control over life in general,A little bit of control,5%,13%,9%,2%,9%,9%,%,
Resilence,Degree of control over life in general,Moderate level of control,12%,9%,22%,7%,13%,13%,%,
Resilence,Degree of control over life in general,Quite a bit of control,14%,9%,20%,10%,16%,16%,%,
Resilence,Degree of control over life in general,A lot of control,65%,61%,45%,77%,58%,58%,%,
Resilence,Degree of control over life in general,Refuse / no response,1%,2%,1%,0%,1%,1%,%,
Resilence,Which of the following statements do you most agree with?,Each person is responsible for their own success/failure,68%,73%,78%,66%,68%,68%,%,
Resilence,Which of the following statements do you most agree with?,Each person's future is a matter of destiny,26%,18%,21%,33%,29%,29%,%,
Resilence,Which of the following statements do you most agree with?,Refuse / no response,6%,8%,2%,2%,3%,3%,%,
Resilence,"""You are able to manage challenges well.""",Strongly disagree,5%,5%,5%,6%,4%,4%,%,
Resilence,"""You are able to manage challenges well.""",Disagree,18%,13%,7%,8%,10%,10%,%,
Resilence,"""You are able to manage challenges well.""",Neither agree or disagree,37%,15%,12%,8%,18%,18%,%,
Resilence,"""You are able to manage challenges well.""",Agree,30%,39%,62%,51%,48%,48%,%,
Resilence,"""You are able to manage challenges well.""",Strongly agree,5%,18%,10%,23%,15%,15%,%,
Resilence,"""You are able to manage challenges well.""",Refuse / no response,6%,10%,4%,3%,4%,4%,%,
Respondent Characteristics,Sex of the respondent,Male,51%,50%,51%,49%,50%,50%,%,
Respondent Characteristics,Sex of the respondent,Female,49%,50%,49%,51%,50%,50%,%,
Respondent Characteristics,Age,Mean average, 29.96 , 30.43 , 34.39 , 35.51 , 32.83 , 32.83 ,,
Respondent Characteristics,Marital Status,"Single, never married",33%,37%,19%,28%,33%,33%,%,
Respondent Characteristics,Marital Status,Married (monogamous),33%,26%,49%,53%,46%,46%,%,
Respondent Characteristics,Marital Status,Married (polygamous),29%,14%,24%,5%,8%,8%,%,
Respondent Characteristics,Marital Status,Partner/Living together,0%,13%,2%,3%,3%,3%,%,
Respondent Characteristics,Marital Status,Divorced/Separated,0%,5%,5%,5%,5%,5%,%,
Respondent Characteristics,Marital Status,Widowed,5%,6%,3%,6%,5%,5%,%,
Respondent Characteristics,Marital Status,Refuse / no response,0%,0%,0%,0%,0%,0%,%,
Respondent Characteristics,Main source of information,Radio,29%,75%,82%,86%,78%,78%,%,
Respondent Characteristics,Main source of information,Newspapers,1%,1%,0%,1%,1%,1%,%,
Respondent Characteristics,Main source of information,Television,1%,0%,0%,2%,4%,4%,%,
Respondent Characteristics,Main source of information,"Friends, Family",20%,7%,7%,7%,8%,8%,%,
Respondent Characteristics,Main source of information,Religious leaders,0%,0%,0%,0%,1%,1%,%,
Respondent Characteristics,Main source of information,Local leaders / authorities,39%,11%,7%,2%,6%,6%,%,
Respondent Characteristics,Main source of information,"NGOs, civil society",1%,0%,0%,0%,0%,0%,%,
Respondent Characteristics,Main source of information,Other,7%,4%,3%,1%,3%,3%,%,
Respondent Characteristics,Main source of information,Refuse / no response,2%,2%,0%,0%,0%,0%,%,
Respondent Characteristics,Head of the Household,Head of the Household (% yes),41%,48%,46%,62%,49%,49%,%,
Respondent Characteristics,Main source of livelihood (cash and in kind),Consumption of own production,49%,56%,68%,45%,35%,35%,%,
Respondent Characteristics,Main source of livelihood (cash and in kind),Sale of agricultural production,8%,22%,14%,32%,32%,32%,%,
Respondent Characteristics,Main source of livelihood (cash and in kind),Casual / Day labor income,26%,8%,5%,4%,11%,11%,%,
Respondent Characteristics,Main source of livelihood (cash and in kind),Skilled labor income,2%,4%,3%,2%,3%,3%,%,
Respondent Characteristics,Main source of livelihood (cash and in kind),Handicraft,7%,0%,1%,3%,1%,1%,%,
Respondent Characteristics,Main source of livelihood (cash and in kind),Fishing income or in kind,0%,0%,1%,0%,1%,1%,%,
Respondent Characteristics,Main source of livelihood (cash and in kind),Hunting income or in-kind,1%,0%,0%,0%,0%,0%,%,
Respondent Characteristics,Main source of livelihood (cash and in kind),Business / Seller income,5%,4%,0%,7%,8%,8%,%,
Respondent Characteristics,Main source of livelihood (cash and in kind),Teacher income,0%,3%,3%,1%,2%,2%,%,
Respondent Characteristics,Main source of livelihood (cash and in kind),Other government employee income,0%,0%,1%,0%,1%,1%,%,
Respondent Characteristics,Main source of livelihood (cash and in kind),Private company employee income,0%,0%,0%,2%,1%,1%,%,
Respondent Characteristics,Main source of livelihood (cash and in kind),"Gift, aid, assistance from family friends",1%,0%,1%,1%,0%,0%,%,
Respondent Characteristics,Main source of livelihood (cash and in kind),Support from NGOs/UN/church/charity,0%,0%,0%,1%,0%,0%,%,
Respondent Characteristics,Main source of livelihood (cash and in kind),Begging (ask money to others in the street),0%,0%,0%,0%,0%,0%,%,
Respondent Characteristics,Main source of livelihood (cash and in kind),Other,0%,0%,2%,1%,2%,2%,%,
Respondent Characteristics,Main source of livelihood (cash and in kind),Refuse / no response,0%,2%,1%,0%,1%,1%,%,
Respondent Characteristics,Main occupation,Farming,32%,58%,58%,56%,49%,49%,%,
Respondent Characteristics,Main occupation,Own Livestock,4%,1%,0%,0%,1%,1%,%,
Respondent Characteristics,Main occupation,Petty Trade/Seller,7%,5%,2%,2%,3%,3%,%,
Respondent Characteristics,Main occupation,Casual Labor agriculture,4%,5%,3%,9%,7%,7%,%,
Respondent Characteristics,Main occupation,Casual labor non agriculture,13%,4%,3%,5%,7%,7%,%,
Respondent Characteristics,Main occupation,Paid housework and child care,2%,0%,0%,0%,0%,0%,%,
Respondent Characteristics,Main occupation,Fishing,0%,0%,0%,0%,1%,1%,%,
Respondent Characteristics,Main occupation,Trade / business owner,1%,2%,1%,4%,4%,4%,%,
Respondent Characteristics,Main occupation,Teacher,0%,2%,2%,1%,2%,2%,%,
Respondent Characteristics,Main occupation,Other government employee,0%,1%,1%,1%,1%,1%,%,
Respondent Characteristics,Main occupation,Private business employee,1%,0%,1%,3%,2%,2%,%,
Respondent Characteristics,Main occupation,NGO employee,0%,0%,0%,0%,0%,0%,%,
Respondent Characteristics,Main occupation,Student,13%,9%,7%,10%,10%,10%,%,
Respondent Characteristics,Main occupation,Housewife,16%,11%,10%,8%,8%,8%,%,
Respondent Characteristics,Main occupation,Retired / disabled,1%,0%,1%,0%,0%,0%,%,
Respondent Characteristics,Main occupation,Unemployed,2%,3%,12%,1%,4%,4%,%,
Respondent Characteristics,Main occupation,Other,5%,0%,0%,1%,1%,1%,%,
Respondent Characteristics,Household Material Assets,Mean average,2.45,5.17,5.71,5.36,5.28,5.28,,